"Product Title","Product Sku","Barcode","Stock","Original Stock"
"Epson T0801 Ink Cartridge - Black (Pack of 2)","B-C13T08014011-2","","43","89"
"2x  10 Black &amp; Colour Ink Cartridge for EASYSHARE 5000 series ESP 3 ESP 5 ESP 7 ESP 9 3200 3250 ","B-3947074-2","","8","20"
"Canon Original PGI-525 Twin Pack Ink Cartridges","B-4529B001-2","","0","4"
"HP 364XL Black Multipack - 4 Original Printer Ink Cartridges for HP DeskJet Deskjet D5400/D5445/D546","B-CN684EE-4","","2","17"
"2 HP Photosmart Premium C309g Original Printer Ink Cartridges - Black","B-CB317EE-2","","4","12"
"Original Epson T1301 (Twin Pack, 2 x Black) for Epson Stylus Office B42WD, BX525WD, BX535WD, BX625FW","B-C13T13014010-2","","0","0"
"Epson T1281 Original Ink Cartridge - Black (Pack of 3)","B-C13T12814011-3","","0","0"
"Original Epson T1281 (Twin Pack, 2 x Black) for Epson Stylus Office BX305F, BX305FW, BX305FW and Eps","B-C13T12814011-2","","0","0"
"2x Genuine Original Canon 520 PGBK (PGI-520BK) Black ink cartridge for Pixma MX860 Printer (boxed)","B-2932B001-2","","0","0"
"Hewlett-Packard Ink Cartridge no. 350XL and 351XL Multi-Pack","B-CB336EE-CB338EE-2","","134","972,136"
"1 Original Printer Ink Cartridge for Epson Stylus Photo P50 - Black","S-C13T08014011","9780007233038","89","89"
"2687314 (#10) Ink, 425; 420 Page-Yield, Black; Tri-Color 2/Pk","S-3947074","9780575400955","20","20"
"Canon PGI-525BK Ink Cartridge (Black)","S-4529B001","9780571272129","4","4"
"HP - Hewlett Packard PhotoSmart C 6380 (364XL / CN 684 EE) - original - Inkcartridge Black - 550 Pag","S-CN684EE","9780099507383","17","17"
"HP - Hewlett Packard PhotoSmart D 5445 (364 / CB 317 EE) - original - Inkcartridge Black - 130 Pages","S-CB317EE","9780140276510","12","12"
"Epson Stylus Office BX635FWD Original Printer Ink Cartridge - Black- XL High Capacity","S-C13T13014010","9780099464464","-2","-2"
"Epson Stylus SX 235 W (T1281 / C 13 T 12814011) - original - Inkcartridge Black - 170 Pages - 5,9ml","S-C13T12814011","9780751543544","-18","-18"
"Canon PGI-520 Ink Cartridge (Black) (2932B001)","S-2932B001","9781741044898","-14","-14"
"HP - Hewlett Packard PhotoSmart D 5345 (350XL / CB 336 EE) - original - Printhead Black - 1.000 Page","S-CB336EE","9780140295993","972","972"
"HP 351XL - Print cartridge - 1 x colour (Cyan, Magenta, Yellow)","S-CB338EE","9781857027945","136","136"
"HP 304L Laser Toner Cartridge - Black","S-CC530L","9780593055359","22","22"
"HP C8765EE - Black INK CART 6840 11ml NO.338","S-C8765EE","9780330294911","16","16"
"HP - Hewlett Packard LaserJet Pro 100 Color MFP M 175 nw (126A / CE 311 A) - original - Toner Cyan -","S-CE311A","9780141019017","24","24"
"Epson Original T0969 Light Light Black Ink Cartridge","S-C13T09694010","9780140175295","19","19"
"Epson T0968 Inkjet Cartridge UltraChrome K3 Husky Page Life 495pp Matt Black Ref C13T09684010","S-C13T09684010","9780778303695","25","25"
"PG-40 Black Cartridge","S-0615B001","9780141003740","7","7"
"HP No363 Inkjet Cartridge Black C8721EE","S-C8721EE","9780099457169","-256","-256"
"Hewlett Packard  504x/ Ce250xd Twin Pack Toner Cartridge - Black","S-CE250XD","9780141029191","24","24"
"HP 980 Officejet Ink Cartridge - Cyan","S-D8J07A","9781439129432","27","27"
"HP Hewlett Packard C8560A Drum Kit Black Color Laserjet 9500 9500n 9500hdn 9500gp 9500mfp 9500 mfp","S-C8560A","9781408804315","27","27"
"Epson T0544 Yellow Ink Cartridge STYLUS Photo R800/R1800 Printers (C13T05444010)","S-C13T05444010","9780552772761","13","13"
"HP CB331EE - CB331EE - 338 - Print cartridge - 2 x Black","S-CB331EE","9780552154017","22","22"
"Lexmark No17 Twin Pack Black 0080D2954","S-0080D2954","9781447258513","21","21"
"HP Hewlett Packard C8551A laser toner cartridge Cyan blue Color Laserjet 9500 9500n 9500hdn 9500gp 9","S-C8551A","800153001080","48","48"
"HP CC641EE#UUS - INK CARTRIDGE NO 300XL - Black IN","S-CC641EE","9780330375252","24","24"
"HP 22XL High Capacity Tri-Colour Inkjet Print Cartridge","S-C9352CE","9780099771517","7","7"
"1 Original Printer Ink Cartridge for Epson Stylus DX4850 - Magenta","S-C13T06134010","9780091940744","16","16"
"259544: 301XL Tri-color Ink Cartridge (CH564EE#UUS)","S-CH564EE","9780552150736","19","19"
"Canon Original CL-41 and PG-40 Ink Cartridge Combo Pack","S-0615B043","9781858282824","14","14"
"CB436AD (HP 36A) Toner, 2000 Page-Yield, 2/Box, Black","S-CB436AD","9780857389954","18","18"
"CE264X HP CE264X Color LaserJet Contract Print Cartridge - Black","S-CE264X","9789979217688","22","22"
"Epson C13T10024010 - EPSON SX600FW Cyan INK CART","S-C13T10024010","8715946416151","30","30"
"Epson Inkjet Cartridge Page Life 400pp Photo Black Ref T054140","S-C13T05414010","8715946356280","24","24"
"Epson Patrone WF2010/2510/2530/2540 ye T1624","S-C13T612400","10343865877","30","30"
"Epson Stylus Photo R 2880 (T0963 / C 13 T 09634010) - original - Inkcartridge Magenta - 865 Pages - ","S-C13T09634010","8715946411729","30","30"
"Epson Stylus Photo R 800 (T0547 / C 13 T 05474010) - original - Inkcartridge red - 400 Pages - 13ml","S-C13T05474010","8715946356365","29","29"
"Epson T0873 - Print cartridge - 1 x Magenta - blister with RF alarm","S-C13T08734010","8715946354965","28","28"
"EPSON T1004 Yellow INK CARTRIDGE","S-C13T10044010","8715946416212","30","30"
"Hewlett Packard [HP] Laser Toner Cartridge Magenta for HP Color LaserJet CP4005 Ref CB403A","S-CB403A","882780599925","30","30"
"HP - Hewlett Packard Color LaserJet CM 1512 H (125A / CB 540 AD) - original - 2 x Toner Black - 2.20","S-CB540AD","884962419052","30","30"
"Canon PG512 (PG-512) Black &amp; CL513 (CL-513) Colour Genuine High Capacity Ink Cartridge Combo Pac","B-2969B001-2971B001-2","","28","30,30"
"Genuine Original Canon PG510 (PG-510) Black &amp; CL511 (CL-511) Colour ink cartridge for Pixma iP27","B-2972B001-2970B001","","28","30,30"
"10B + 10C Ink Cartridge Pack","B-3947058-3947066-2","","28","30,30"
"Canon PG540XL (PG-540XL) Black &amp; CL541XL (CL-541XL) Colour Genuine High Capacity Ink Cartridge C","B-5222B005-5226B005-2","","28","30,30"
"Epson T071 Original Inkjet Cartridges Bundle Pack - Cyan/ Magenta/ Yellow","B-C13T07124011-C13T07134011-C13T07144011-3","","18","20,20,20"
"Original Epson 18 Multipack and 18XL Black (1 x Multipack: Black, Cyan, Magenta, Yellow plus 1 x XL ","B-C13T18014010-C13T18164010-2","","5","16,7"
"HP 62XL Black and 62XL Colour Bundle, 1x C2P05AE and 1x C2P07AE","B-C2P05AE-C2P07AE-2","","28","30,30"
"Original HP 27 &amp; 28 - Print cartridge - 1 x Black 1 x Yellow, Cyan, Magenta C8728A C8728AE - Des","B-C8728AE-C8727AE-2","","28","30,30"
"2 HP Deskjet F4100 Original Printer Ink Cartridges - Black+Tri-Colour","B-C9351AE-C9352AE-2","","28","30,30"
"HP 342 and HP 336 Ink Cartridge - Tricolor/Black","B-C9362EE-C9361EE-2","","28","30"
"1 X 2 Original Printer Ink Cartridges for HP Deskjet F2420 - Black+Tri-Colour","B-CC640EE-CC643EE-2","","28","30,30"
"HP Officejet J4680 Black &amp; Colour Original HP Printer Ink Cartridges (Pack of 2 cartridges)","B-CC653AE-CC656AE-2","","28","30,30"
"HP 901XL Black &amp; 901 Colour Ink Twinpack","B-CC654AE-CC656AE-2","","28","30,30"
"1 Full Set of HP 970 Black and 1 x Colour Set 971 C/M/Y (Original) Ink Cartridges","B-CN621AE-CN622AE-CN623AE-CN624AE-4","","28","30,30,30,30"
"1 Full Set of HP 970XL Black and 1 x Colour Set 971XL C/M/Y (Original) Ink Cartridges","B-CN625AE-CN626AE-CN627AE-CN628AE-4","","28","30,30,30,30"
"HP 364XL (High Capacity) Original Printer Ink Cartridges (Cyan / Magenta / Yellow / Black) for Photo","B-CN684EE-CB323EE-CB324EE-CB325EE-4","","15","17,30,30,30"
"5x HP364 Original Printer Ink Cartridges (Extra 364XL Black! - Cyan / Magenta / Yellow / Black) for ","B-CN684EE-J3M82AE-2","","15","17,30"
"HP - Hewlett Packard Envy 5600 Series (62 / C 2 P 04 AE) - original - Printhead Black","S-C2P04AE","888793376713","30","30"
"HP - Hewlett Packard LaserJet 4200 (38D / Q 1338 D) - original - 2 x Toner Black - 12.000 Pages","S-Q1338D","808736633994","30","30"
"HP - Hewlett Packard LaserJet Pro 300 color M 351 A (305X / CE 410 XD) - original - 2 x Toner Black ","S-CE410X","884962772355","30","30"
"HP - Hewlett Packard LaserJet Pro CM 1415 fnw (128A / CE 320 AD) - original - 2 x Toner Black - 2.00","S-CE320AD","886112379667","30","30"
"HP 05L Economy Low Capacity Original Toner Cartridge - Black","S-CE505L","888182459232","30","30"
"HP 302 Black Original Ink Cartridge - ink cartridges (Black, Standard, 3.5 ml, 20 - 80%, -40 - 60 &d","S-F6U66AE","888793803004","30","30"
"HP 364 - Print cartridge - 1 x Magenta - 300 pages - blister","S-CB319EE","883585705443","30","30"
"HP 410A Original Toner Cartridge - Black","S-CF410A","","30","30"
"HP 56 2-pack Black Original Ink Cartridges","S-C9502AE","882780043237","30","30"
"HP 78L Original Toner Cartridge - Black","S-CE278L","888182433089","30","30"
"HP 824A - 1 - Magenta - drum kit","S-CB387A","882780459182","30","30"
"HP CZ136A - 711 - 3-pack - Yellow - original - ink cartridge - for DesignJet T120 ePrinter, T520 ePr","S-CZ136A","886112841195","30","30"
"HP Original C4941A  Ink Cartridge No 83 Cyan 680Ml","S-C4941A","25184252755","30","30"
"HP Original C4944A  Ink Cartridge No 83 Cyan Light 680Ml","S-C4944A","25184252786","30","30"
"HP Toner Cartridge Cyan LJ5500 C9731A","S-C9731A","88698445419","30","30"
"Lexmark 0080D2952 - NEW COMBO PACK #17 #27","S-0080D2952","734646055475","30","30"
"Epson Cheetah T0715 DURABrite 4 Colour Ultra Ink Easy Mail Pack Cartridges","S-C13T07154510","8715946542522","30","30"
"Hewlett Packard 131a Toner Cartridge - Magenta 131A","S-CF213A","886111334995","30","30"
"Epson T1304 Stylus High Yield Ink Cartridge - Yellow","S-C13T13044010","8715946465708","30","30"
"Epson Ink Cartridge for R1800/R800 - Cyan","S-C13T05424010","8715946356303","30","30"
"Epson Ink Cartridge for R1800/R800 - Magenta","S-C13T05434010","8715946356327","30","30"
"Epson Ink Cartridge Gloss Optimizer for Stylus Ph1800","S-C13T05404010","8715946356266","-19","-19"
"Epson T1302 Inkjet Cartridge DURABrite Stag XL Capacity 10.1ml Cyan Ref C13T13024010","S-C13T13024010","8715946465647","30","30"
"Genuine Magenta HP 502A Toner Cartridge - (Q6473A)","S-Q6473A","829160703077","30","30"
"EPSON T1003 Magenta cartridge for Epson Stylus Office BX600FW, Office B40W, SX600FW Printer cartridg","S-C13T100340","8715946416182","30","30"
"Hewlett Packard [HP] No. 823A Laser Toner Cartridge Page Life 16500pp Black Ref CB380A","S-CB380A","882780510333","30","30"
"Epson T0614 Yellow Ink Cartridge for Stylus DX4800/DX4850/DX4200/DX4250/DX3800/DX3850/D68PE/D88/D88p","S-C13T06144010","8715946360263","30","30"
"Epson Expression Home XP-102 Ink Cartridge - Epson T1812 (18XL) Original Cyan High Capacity Ink Cart","S-C13T18124010","8715946518084","30","30"
" Original No 30 Combo Black/Colour Ink Cartridge Pack","S-8039745","41778039748","30","30"
"2687315 (#10XL) High-Yield Ink, 770 Page-Yield, Black, Sold as One Each","S-3949922","41773949929","30","30"
"Canon 2934B007 - Ink Multi Pack C/M/Y *Blister* - Replaced by : 2934B010 - Warranty: 1Y","S-2934B010","8714574525808","30","30"
"Canon CL-541 Colour Inkjet Cartridge - Cyan/Magenta/Yellow","S-5227B005","8714574572581","30","30"
"CANON CLI - 551C XL Cyan High Yield Original INK Tank for PIXMA iP8750 iX6850,,,, MG5550 MG5650 MG56","S-6509B001","4960999905556","30","30"
"Canon CLI-551BK - Black - original - ink tank","S-6508B001","4960999905235","30","30"
"HP 920XL - print cartridge","S-CD975AE","884420649519","30","30"
"HP 920XL - Print cartridge - 1 x Magenta","S-CD973AE","884420649373","30","30"
"HP 933XL High Yield Magenta Original Ink Cartridge","S-CN055AE","886111749034","30","30"
"HP 935XL - Yellow - Original - Ink Cartridge - for Officejet 6812, 6815, Officejet Pro 6230, 6230 EP","S-C2P26AE","8881820346514","-26","-26"
"HP 950 Black Original Ink Cartridge","S-CN049AE","8861117489520","30","30"
"HP 951XL High Capacity Original Ink Cartridge for Officejet Pro 251dw/276dw/8100/8600/8600 N911a - Y","S-CN048AE#BGY","886111615186","30","30"
"HP Black print toner cartridge, CB384-67901","S-CB384A","882780459151","30","30"
"HP C2P06AE (62) Printhead color","S-C2P06AE","888793376775","30","30"
"HP C2P23AE - C2P23AE 934XL Black Ink Cart","S-C2P23AE","8881820345906","30","30"
"HP C2P24AE#BGX - 935XL - Cyan - original - ink cartridge - for Officejet 6812, 6815, Officejet Pro 6","S-C2P24AE","888182034613","30","30"
"HP C2P25AE#BGX - 935XL - Magenta - original - ink cartridge - for Officejet 6812, 6815, Officejet Pr","S-C2P25AE","8881820346378","30","30"
"HP C4907AE - 940XL - Print cartridge - 1 x Cyan","S-C4907AE","884420689768","30","30"
"HP C6656AE#UUS - 56 - Print cartridge - 1 x Black - 520 pages","S-C6656AE","808736184304","30","30"
"HP C8751A Ink Cartridge - Cyan","S-C8751A","882780533325","30","30"
"HP C8766EE Tri-Colour Ink Cartridge (No.343) (7ml) (8766)","S-C8766EE","829160203423","30","30"
"HP C9462A (91) Printhead Magenta","S-C9462A","882780987166","30","30"
"HP C9466A - 91 775 ML LIGHT GREY INK CART","S-C9466A","882780987203","30","30"
"HP C9481A - The 3-ink multipack from improves productivity for large format ink customers by providi","S-C9481A","883585034833","30","30"
"112371: Epson T1001 Stylus Black Ink Cartridge for BX600FW/B40W (C13T10014010)","S-C13T10014010","8715946416120","30","30"
"1x Set of HP 301 Black &amp; 301 Colour Original Genuine Ink Cartridge Combo Pack PLUS 10x FREE Shee","S-J3M81AE","888793306833","30","30"
"Canon 0621B026 CLI8 Inkcart  - Cyan/Magenta/Yellow","S-0621B026","8714574552569","30","30"
"Canon CL 41 - Print cartridge - 1 x colour (Cyan, Magenta, Yellow) - 155 pages","S-0617B001","4960999273433","30","30"
"CANON CL-546 XL BL SEC Color XL Ink Cartridge","S-8288B004","8714574605494","30","30"
"Canon Cli551 Ink Cartridge - Red","S-6510B001","4960999905242","30","30"
"Canon Cli-551xl High Capacity Ink Cartridge - Magenta","S-6445B001","4960999904924","30","30"
"Canon Ink Cartridge for Mb2050/Mb2350 - Black","S-9182B001","4549292003772","30","30"
"Canon Original PGI-5 Black Twin pack","S-0628B030","8714574538518","30","30"
"CB381A HP Original Color LaserJet CB381A Print Cartridge with ColorSphere Toner - Cyan","S-CB381A","882780459120","30","30"
"CB385A HP Original CB385A Color LaserJet Cyan Image Drum","S-CB385A","882780459168","30","30"
"CB390A HP Original CB390A Color LaserJet Print Cartridge with ColorSphere Toner - Black","S-CB390A","882780510340","30","30"
"CC364A Hewlett Packard [HP] No. 64A Laser Toner Cartridge Page Life 10000pp Black Ref CC364A","S-CC364A","883585007592","30","30"
"CC364X HP Original CC364X Toner Cartridge with Smart Printing Technology - Black","S-CC364X","883585007608","30","30"
"CE260X HP ColorSphere Toner for CP4525 Yield 17000 - Black","S-CE260X","884420186823","30","30"
"CE310A HP 126A LaserJet Toner cartridge - Black","S-CE310A","884962161128","30","30"
"CE321A HP 128A LaserJet Toner cartridge - Cyan","S-CE321A","884420854517","30","30"
"CE413A HP 305A Toner Cartridge - Magenta","S-CE413A","884962772386","30","30"
"CE505A HP Original CE505A Laserjet Laser Toner Cartridge - Black","S-CE505A","883585695775","30","30"
"CE740A HP ColorSphere Toner for CP5225 Yield 7000 - Black","S-CE740A","884420306184","30","30"
"CF031A HP CF031A Color LaserJet Print Cartridge - Cyan","S-CF031A","884962601303","30","30"
"CF031A HP CF031A Color LaserJet Print Cartridge - Cyan","S-CF031A","884962601327","30","30"
"Epson 16XL Series Ink Cartridges - Magenta","S-C13T16334010","8715946518862","30","30"
"Epson 16XL Series Ink Cartridges - Yellow","S-C13T16344010","8715946518886","30","30"
"Epson 16XL Series Multi Pack Ink Cartridges - Multicoloured","S-C13T16364510","8715946607528","30","30"
"Epson 24 (T242840) Original Claria Photo HD Standard Capacity Multipack (Elephant)","S-C13T24284010","8715946519227","30","30"
"Epson Apple T1295 DURABrite 4 Colours Ultra Ink Easy Mail Pack Multipack Cartridges","S-C13T12954510","8715946465586","30","30"
"Epson C13T16364010 - 16XL Multipack - 4-pack - XL size - Black, Yellow, Cyan, Magenta - original - i","S-C13T16364010","8715946519845","30","30"
"EPSON C13T24384010 Elephant 24XL (RF/AM) High Capacity 6 Colour Multipack Ink Cartridge (Black Cyan ","S-C13T24384510","8715946607566","30","30"
"HP 110 - Tri-color Inkjet Print Cartridge (CB304AE)","S-CB304AE","882780568563","30","30"
"HP 126A LaserJet Imaging Drum","S-CE314A","884962223352","30","30"
"HP 128A Original Toner Cartridge for Color Laserjet Pro Cm1415Fn/Cm1415Fnw/Cp1525N/Cp1525Nw - Cyan/M","S-CF371AM","887111403018","30","30"
"HP 12L Economy Low Capacity Original Toner Cartridge - Black","S-Q2612L","882780700253","30","30"
"HP 130A Laser Toner Cartridge - Cyan","S-CF351A","5052916879626","30","30"
"HP 130A Laser Toner Cartridge - Magenta","S-CF353A","8861129393112","30","30"
"HP 130A Laser Toner Cartridge - Yellow","S-CF352A","8861129393044","30","30"
"Hp 300xl 2-pack High Yield Black Original Ink Cartridges D8J43AE","S-D8J43AE","887758699461","30","30"
"HP 305L Low Capacity Toner Cartridge - Cyan (Pack of 1)","S-CE411L","888182467145","30","30"
"HP 305L Original Toner Cartridge - Magenta","S-CE413L","888182467169","30","30"
"HP 363 - Print cartridge - 1 x light Cyan - 220 pages - light Cyan","S-C8774EE","829160798530","30","30"
"HP Original Q3963A Color Laserjet Laser Toner Cartridge (High Capacity) - Magenta","S-Q3963A","829160069371","30","30"
"HP Original Q5942A Laserjet Toner Cartridge - Black","S-Q5942A","829160221755","30","30"
"HP Original Q6511A Laserjet Laser Toner Cartridge - Black","S-Q6511A","829160126227","30","30"
"HP Original Q7582A Color LaserJet Laser Toner Cartridge - Yellow","S-Q7582A","829160697413","30","30"
"HP Q3960A - - Toner cartridge - 1 x Black - 5000 pages","S-Q3960A","829160069340","30","30"
"HP Q6000A Black toner cartridge:","S-Q6000A","829160412412","30","30"
"Epson T263140 EPS_T260 Inkjet Cartridge","S-C13T26314010","8715946519029","30","30"
"Epson T7033 Ink Cartridge - Color: Magenta","S-C13T70334010","8715946499338","30","30"
"Epson Workforce WF 2010 W (16XL / C 13 T 16314010) - original - Inkcartridge Black - 500 Pages - 12,","S-C13T16314010","8715946518824","30","30"
"hewlett packard incorporated CH082EE - HP 364 PHOTO VALUE PACK 85 SHEET","S-CH082EE","885631694008","30","30"
"Hewlett Packard Ink Cart, CN053AE, HP932XL, Blk","S-CN053AE","886111749010","30","30"
"HP - CN045AN140 (HP 950XL) High-Yield Ink, 2500 Page-Yield, Black - Sold As 1 Each - Professional-qu","S-CN045AE","886111615155","30","30"
"HP - Hewlett Packard Envy 7640 e-All-in-One (62 / J3M80AE) - original - 2 x Printhead multi pack Bla","S-J3M80AE","8887933068190","30","30"
"Canon Original CLI-521 Black Ink Cartridge","S-2933B001","4960999577470","30","30"
"Canon Original PG-540 and CL-541 Ink Cartridge Combo Pack","S-5225B006","8714574572628","30","30"
"Canon PG-512 Twin Pack: 2969B010AA (2969B010AA)","S-2969B010","","30","30"
"Canon PGI-520BK: 2932B009 (2932B009)","S-2932B012","8714574564333","30","30"
"Canon PGI-550PGBK - Black - original - ink tank","S-6496B001","4960999904580","30","30"
"Canon Pixma IP 2850 (PG-545 XL / 8286 B 001) - original - Printhead Black - 400 Pages - 15ml","S-8286B001","4960999974491","30","30"
"Canon Pixma IP 4200 (CLI-8 BK / 0620 B 001) - original - Inkcartridge Black - 535 Pages - 13ml","S-0620B001","4960999273235","30","30"
"Canon Pixma IP 4850 (CLI-526 BK / 4540 B 001) - original - Inkcartridge Black - 2.185 Pages - 9ml","S-4540B001","4960999670027","30","30"
"Canon Pixma IP 4950 -Original Canon 4529B006 / PGI-525PGBK - Black Ink Cartridge (Double pack) -","S-4529B006","8714574554464","30","30"
"Canon Pixma IP 7250 -Original Canon 6431B001 / PGI-550PGBKXL - Black Ink Cartridge -500 pages","S-6431B001","4960999904504","30","30"
"Canon Pixma IP 7250 -Original Canon 6443B001 / CLI-551BKXL - Black Ink Cartridge -11 ml","S-6443B001","4960999904948","30","30"
"Canon Pixma IP 7250 -Original Canon 6444B001 / CLI-551CXL - Cyan Ink Cartridge -11 ml","S-6444B001","4960999904931","30","30"
"Canon Pixma IP 8700 Series (CLI-551 GYXL / 6447 B 001) - original - Ink cartridge gray - 3.350 Pages","S-6447B001","4960999904542","30","30"
"Canon Pixma IP 2700 (PG-510 CL 511 / 2970 B 011) - original - consumer material (Black, Cyan, Magent","S-2970B011","4960999974231","30","30"
"Canon Pixma IX 6800 Series (PGI-555 PGBKXXL / 8049 B 001) - original - Ink cartridge Black - 1.000 P","S-8049B001","4960999965376","30","30"
"Canon Pixma MG 2455 (PG-545 CL 546 / 8287 B 005) - original - 2 x consumer material (Black, Cyan, Ma","S-8287B006","8714574605517","30","30"
"Canon Pixma MG 6150 -Original Canon 4544B001 / CLI-526GY - Grey Ink Cartridge -9 ml","S-4544B001","4960999672151","30","30"
"Canon Pixma MP 980 -Original Canon 2937B001 / CLI-521GY - Grey Ink Cartrigde -1395 pages","S-2937B001","4960999577555","30","30"
"Elephant 24XL - Print cartridge - XL size - 1 x Black","S-C13T24314010","8715946519241","30","30"
"Epson 26XL - Black - original - ink cartridge","S-C13T26214010","8715946519005","30","30"
"Epson Expression Home XP-102 -Original Epson C13T18114010 / 18XL - Black Ink Cartridge -","S-C13T18114010","8715946517940","30","30"
"Epson Expression Home XP-200 Series (18 / C 13 T 18064010) - original - Ink cartridge multi pack - -","S-C13T18064010","8715946518169","30","30"
"HP 503a Original Color LaserJet Q7583A Magenta Laser Toner Cartridge","S-Q7583A","829160697420","30","30"
"HP 507X LaserJet Toner cartridge - Black HP 507X Black","S-CE400X","884962554562","30","30"
"HP 55A Toner Cartridge Smart Print Tec - Black","S-CE255A","884420133698","30","30"
"HP 643 Original Color LaserJet Q5952A Yellow Laser Toner Cartridge","S-Q5952A","829160493893","30","30"
"HP 650A Yellow LaserJet Toner Cartridge (CE272A) - Specifications and Warranty","S-CE272A","884962161180","30","30"
"HP 78XL - Print cartridge - 1 x Yellow, Cyan, Magenta - 970 pages","S-C6578A","884962825907","30","30"
"HP 920XL - Ink Cartridge Combo Pack (C2N92AE)","S-C2N92AE","887111497338","30","30"
"HP 935Xl Original Ink Cartridge - Multi-Colour","S-F6U78AE","888182953235","30","30"
"HP 940Xl Original Pigmented Ink Cartridge for Officejet Pro 8000/8500/8500 A909A/8500A/8500A/A910A -","S-C2N93AE","887111497345","30","30"
"HP 950XL/951XL - C/M/Y/K Ink Cartridge Combo Pack (C2P43AE)","S-C2P43AE","887111884930","30","30"
"HP 951XL Ink Cartridge for Officejet Pro 8100/8600 - Magenta","S-CN047AE","886111615179","30","30"
"HP C3903A Toner Cartridge For Laserjet No 03A","S-C3903A","886980606360","30","30"
"HP C6656GE#UUS 56 Small Inkjet Print Cartridge - Black","S-C6656GE","884962780640","30","30"
"HP C8719EE NO 363XL Inkjet Cartridge","S-C8719EE","829160798134","30","30"
"HP C9363EE#UUS - 344 - Print cartridge - 1 x colour (Cyan, Magenta, Yellow) - 450 pages","S-C9363EE","829160180427","30","30"
"HP C9504EE - INK CARTRIDGE NO 339 - Black 21ML 2PK","S-C9504EE","882780043312","30","30"
"HP CB435AD - LJ P1005/P1006 TWIN PACK","S-CB435AD","884962022351","30","30"
"HP CB541A/CB542A/CB543A Tri-Pack - Toner cartridge - 1 x Yellow, Cyan, Magenta - 1400 pages","S-CF373AM","887111403025","30","30"
"HP CC364XD Toner - Black (Dual Pack)","S-CC364XD","884962061459","30","30"
"HP CE262A Yellow Print Cartridge","S-CE262A","884420186854","30","30"
"HP CE278AD Print Cartridge for LaserJet Printer - Black (Pack of 2)","S-CE278AD","886111730506","30","30"
"HP CE285A Toner Cartridge - Black","S-CE285A","884420588689","30","30"
"HP CE310AD LaserJet Toner Cartridge - Black (Pack of 2)","S-CE310AD","886112379674","30","30"
"HP CE410XD 2 PACK HP_305A Laser Cartridge","S-CE410XD","887111315649","30","30"
"HP CF210A / 131A Black Original Laser Toner Cartridge for HP LaserJet 200 Color M251n M251nw MFP M27","S-CF210A","886111334957","30","30"
"HP CF280XD 80x Laserjet Toner Cartridge - Black (Pack of 2)","S-CF280XD","886112379643","30","30"
"HP CH563EE Inkjet Cartridge","S-CH563EE","884962894439","30","30"
"HP ink CB332EE 2-pack 343","S-CB332EE","882780560468","30","30"
"HP Colorsphere Toner for CP4525 Yield 8500 - Black","S-CE260A","884420186816","30","30"
"HP Colour Laserjet 4730MFP Black Toner Cartridge 12K Page Yield","S-Q6460A","829160664651","30","30"
"HP D8J10A HP_980 Inkjet Cartridge","S-D8J10A","8877587691578","30","30"
"HP F6U65AE#301 Ink Cartridges for Officejet 3830","S-F6U65AE","888793802953","30","30"
"HP F6U67AEUUS Ink Cartridges for OfficeJet 3830","S-F6U67AE","888793803059","30","30"
"HP F6U68AE - 302XL High Yield Black Original Ink Cartridge","S-F6U68AE","888793803103","30","30"
"Hp Hewlett Packard Black Laser Laserjet Toner Cartridge Q1338A 38A 4200 4200N 4200L 4200Ln 4200Tn 42","S-Q1338A ","808736185417","30","30"
"Hp Hewlett Packard Black Laserjet Laser Toner Cartridge C8061X 8061X 61X HEWC8061X","S-C8061X","725184463396","30","30"
"HP Hewlett Packard Black Toner Laser Laserjet Cartridge C4092A 92A","S-C4092A","88698585313","30","30"
"HP Hewlett Packard C7115A laserjet laser toner cartridge Black 15A 1000 1200 1220 3300 3310 3330 338","S-C7115A","725184518454","30","30"
"HP Hewlett Packard C7115X Toner Cartridge Black 15X 1000 1200 1220 3300 3310 3330 3380","S-C7115X","725184518461","30","30"
"HP Hewlett Packard C8550A laser toner cartridge Black Color Laserjet 9500 9500n 9500hdn 9500gp 9500m","S-C8550A","88698445327","30","30"
"HP Hewlett Packard C8561A Drum Kit Cyan blue Color Laserjet 9500 9500n 9500hdn 9500gp 9500mfp 9500 m","S-C8561A","88698445372","30","30"
"HP Hewlett Packard C8563A Drum Kit Magenta red Color Laserjet 9500 9500n 9500hdn 9500gp 9500mfp 9500","S-C8563A","88698445396","30","30"
"Hp Hewlett Packard colour laserjet laser toner cartridge 4600 4600dn 4600hdn 4600dtn 4600N 4650 4650","S-C9723A","88698394786","30","30"
"Hp Hewlett Packard colour laserjet laser toner cartridge 4600 4600dn 4600hdn 4600dtn 4600N 4650 4650","S-C9721A","88698394762","30","30"
"Hp Hewlett Packard colour laserjet laser toner cartridge 4600 4600dn 4600hdn 4600dtn 4600N 4650 4650","S-C9722A","88698394779","30","30"
"Hp Hewlett Packard colour laserjet laser toner cartridge 4600 4600dn 4600hdn 4600dtn 4600N 4650 4650","S-C9720A","88698394755","30","30"
"Hp Hewlett Packard laserjet 4000 4050 4000N 4050N 4000tn 4050tn 4000se Black laser toner cartridge C","S-C4127X","88698192771","30","30"
"HP Hewlett Packard Q2624A laser toner cartridge Black Ultraprecise 24A","S-Q2624A","808736420617","30","30"
"HP Hewlett Packard Q6461A 4730mfp 4730x mfp 4730xm mfp blue Cyan colour laserjet cartridge","S-Q6461A","829160664668","30","30"
"HP Original 10A Laser Toner Cartridge Black","S-Q2610A","808736396318","30","30"
"HP Original 13A LaserJet Black Laser Toner Cartridge (Q2613A)","S-Q2613A","808736420389","30","30"
"HP Original 51A LaserJet Black Laser Toner Cartridge","S-Q7551A","882780389052","30","30"
"HP Original 91 775 ml Yellow Ink Cart","S-C9469A","882780987234","30","30"
"HP Original 91 Cyan Ink Cartridge 3-pack","S-C9483A","883585034857","30","30"
"HP J3M83AE - 364XL Combo Pack - 4-pack - High Yield - Black, Yellow, Cyan, Magenta - original - ink ","S-J3M83AE","8887933068718","30","30"
"HP - Hewlett Packard PhotoSmart D 5000 Series (337 / C 9364 EE) - original - Printhead Black - 420 P","S-C9364EE","829160799049","30","30"
"HP - Hewlett Packard PhotoSmart D 5300 Series (350+351 / SD 412 EE) - original - 2 x Printhead multi","S-SD412EE","884420861508","30","30"
"HP - Hewlett Packard PhotoSmart D 5400 Series (364 / CB 316 EE#301) - original - Ink cartridge Black","S-CB316EE","883585705085","30","30"
"HP - Hewlett Packard PhotoSmart D 5400 Series (364XL / CB 322 EE) - original - Ink cartridge Black -","S-CB322EE","883585705801","30","30"
"HP - Hewlett Packard PhotoSmart e-All-in-One D 110 a (300 / CN 637 EE) - original - 2 x consumer mat","S-CN637EE","884962770160","30","30"
"HP - Hewlett Packard PSC 1400 Series (21XL / C 9351 CE) - original - Printhead Black - 475 Pages - 1","S-C9351CE","884962780763","30","30"
"HP 301 Black Original Ink Cartridge","S-CH561EE","884962894385","30","30"
"Ink cartridge Original HP 1x Cyan, Magenta, Yellow CH562EE / 301 for HP DeskJet 2540","S-CH562EE","884962894484","30","30"
"HP - SD367AE","S-SD367AE","883585651719","30","30"
"Epson Stylus SX 215 (T0711 / C 13 T 07114011) - original - Inkcartridge Black - 245 Pages - 7,4ml","S-C13T07114011","8715946495439","30","30"
"Epson T071140 Twin Pack Black Ink Cartridges","S-C13T07114H10","8715946384825","30","30"
"Epson Stylus SX 445 W -Original Epson C13T12914010 / T1291 - Black Ink Cartridge -","S-C13T12914011","8715946494500","30","30"
"HP C2P42AE - NO 932 XL MULTIPACK","S-C2P42AE","887111884923","30","30"
"HP 933XL - High Yield - Cyan - original - ink cartridge","S-CN054AE","886111749027","30","30"
"Epson T0895 Original Colour Cartridge (Monkey) (T089540) - 4 Pack","S-C13T08954010","8715946507224","30","30"
"HP SD449EE#301 - INK CARTRIDGE NO 338/343 - COMBO-PACK BLISTER","S-SD449EE","884962520246","30","30"
"HP Tinte CR172AE (951XL) Officejet Value Pack","S-CR712AE","886111754267","30","30"
"HP Toner Laser Jet P3005 Yield 13000 - Black (Dual Pack) [Office Product]","S-Q7551XD","883585945009","30","30"
"Set Toner cartridge Original HP 2 units Black Q5942XD / 42X for HP LaserJet 4350 DTNSL","S-Q5942XD","882780984905","30","30"
"Set Toner cartridge Original HP 2 units Black CE390XD / 90X for HP LaserJet M 4555 fskm MFP","S-CE390XD","5053839252664","30","30"
"Kodak ESP C315 Black Original Printer Ink Cartridge","S-3952330","41773952332","30","30"
"Kodak 3952363 Ink Cartridge No. 30 XL, Black","S-3952363","41773952363","30","30"
"Ink cartridge Original Lexmark 1x Cyan, Magenta, Yellow 018C2110E / No 15 for Lexmark Z 2320","S-018C2110E ","734646964630","30","30"
"Ink cartridge Original Lexmark 1x Black 018C2090E / No 14 for Lexmark Z 2310","S-18C2090E","734646964586","30","30"
"Ink cartridge Original Lexmark 1x Black 018C1523E / No 23 for Lexmark Z 1450","S-018C1523E","734646961325","30","30"
"Lexmark No  23 And No 24 Ink Cartridge Black And Colour Combo-pack Return Program","S-18C1419E","734646962612","30","30"
"Lexmark Cartridge No. 43 - Print cartridge - 1 x colour (Cyan, Magenta, Yellow)","S-18YX143E","734646964517","30","30"
"Lexmark Cartridge No. 100XL - Print cartridge - High Yield - 1 x Cyan - 600 pages - blister - LRP","S-14N1069E","734646967136","30","30"
"Lexmark 100xl Inkjet Cartridge - Yellow","S-14N1071E","734646967174","30","30"
"Lexmark 10N0016 Black ink cartridge 16","S-10N0016","734646539876","30","30"
"Lexmark 018CX032E - NEW INKJET CARTRIDGE #32","S-018CX032E","734646964425","30","30"
"2x Canon PGI525 Black Ink Cartridges for Pixma iP4850, MG5150, MG5250, MG6150, MG8150 Printers","S-4529B001AA","8714574554464","30","30"
"103751: Bundle:HP Multipack 3 x No. 91 Ink Cartridge (775 ml) with Vivera Ink (Light Cyan) (C9486A)","S-C9486A","883585034888","30","30"
"HP 53X Dual Pack - Toner cartridge - 2 x black - 7000 pages","S-Q7553XD","883585945016","30","30"
"Ink Yellow 775 ml. 3-Pack","S-C9485A","883585034871","30","30"
"HP C9482A - The 3-ink multipack from improves productivity for large format ink customers by providi","S-C9482A","883585034840","30","30"
"Canon Original PG-512 Black Ink Cartridge","S-2969B001","4960999617008","30","30"
"Canon Original CL-511 Chromalife Ink Cartridge","S-2972B001","4960999617039","30","30"
"10B ink cartridge - Black","S-3947058","41773949912","30","30"
"Canon Original PG-540XL Black Ink Cartridge","S-5222B005","8714574572550","30","30"
"Epson Expression Home XP-200 Series (18 / C 13 T 18014010) - original - Ink cartridge Black - 175 Pa","S-C13T18014010","8715946517926","16","16"
"HP - Hewlett Packard Envy 7645 e-All-in-One (62XL / C 2 P 05 AE) - original - Printhead Black","S-C2P05AE","5054484717065","30","30"
"HP - Hewlett Packard PSC 1100 Series (28 / C 8728 AE#301) - original - Printhead Cyan, Magenta, Yell","S-C8728AE","808736161107","30","30"
"HP C9351AE - C9351AE No.21 5ml Black Ink","S-C9351AE","829160808017","30","30"
"HP - Hewlett Packard PSC 1500 Series (336 / C 9362 EE) - original - Printhead Black - 220 Pages - 5m","S-C9362EE","829160798936","30","30"
"HP - Hewlett Packard OfficeJet 4500 (901 / CC 653 AE#301) - original - Printhead Black - 200 Pages -","S-CC653AE","883585763832","30","30"
"Hewlett Packard [HP] No. 901 Inkjet Cartridge Page Life 200pp Black Ref CC653AE","S-CC654AE","883585763955","30","30"
"HP CN621AE Officejet Ink Cartridge - Black","S-CN621AE","886112877286","30","30"
"Canon Pixma iP2702 - Canon CL-513 Original Colour Ink Cartridge","S-2971B001","4960999617022","30","30"
"Canon PG-510 Black Ink Cartridge - Original","S-2970B001","4960999617015","30","30"
"10C colour ink cartridge","S-3947066","41773949936","30","30"
"CANON original CL-541XL Ink Cartridge (Euro without Security Blister Pack) - tri-colour","S-5226B005","8714574572604","30","30"
"HP - Hewlett Packard Envy 7640 e-All-in-One (62XL / C 2 P 07 AE) - original - Printhead Cyan, Magent","S-C2P07AE","5054484730781","30","30"
"HP - Hewlett Packard PSC 1200 Series (27 / C 8727 AE) - original - Printhead Black - 280 Pages - 10m","S-C8727AE","808736161046","30","30"
"HP - Hewlett Packard PSC 1200 Series (27 / C 8727 AE) - original - Printhead Black - 280 Pages - 10m","S-C8727AE","829160798820","30","30"
"HP - Hewlett Packard OfficeJet 4500 Wireless (901 / CC 656 AE#301) - original - Printhead Cyan, Mage","S-CC656AE","884962780435","30","30"
"HP - Hewlett Packard OfficeJet Enterprise X 585 dn MFP (971 / CN 622 AE) - original - Inkcartridge C","S-CN622AE","886112877309","30","30"
"HP 971XL - CN626A - print cartridge - 1 x Cyan - for Officejet Pro X451dn, X451dw, X476dn MFP, X476d","S-CN626AE","886112877385","30","30"
"HP - Hewlett Packard PhotoSmart Premium B 010 b (364XL / CB 323 EE#301) - original - Inkcartridge Cy","S-CB323EE","883585705924","30","30"
"HP - Hewlett Packard OfficeJet 4610 (364 / SD 534 EE#301) - original - Inkcartridge multi pack (Blac","S-J3M82AE","888793306857","30","30"
"HP - Hewlett Packard OfficeJet Enterprise Color X 555 dn (971 / CN 623 AE) - original - Inkcartridge","S-CN623AE","886112877323","30","30"
"HP - Hewlett Packard PhotoSmart Wireless B 109 f (364XL / CB 324 EE#301) - original - Inkcartridge M","S-CB324EE","883585706044","30","30"
"HP 971 Ink Cartridge for Officejet Pro X 451/476/551/576 - Yellow","S-CN624AE","886112877347","30","30"
"Hewlett Packard [HP] No. 971XL Inkjet Cartridge Page Life 6600pp Yellow Ref CN628AE","S-CN628AE","886112877408","30","30"
"HP - Hewlett Packard PhotoSmart C 6380 (364XL / CB 325 EE) - original - Inkcartridge Yellow - 750 Pa","S-CB325EE","883585706167","30","30"
"Epson T0712 C13T07124011 cyan ink cartridge","S-C13T07124011","8715946495446","20","20"
"HP 300 - Black Ink Cartridge (CC640EE)","S-CC640EE","883585763344","30","30"
"HP CN625AE Officejet Ink Cartridge - Black","S-CN625AE","886112877361","30","30"
"Epson Original T0713 Durabrite Magenta Ink Cartridge","S-C13T07134011","8715946495453","20","20"
"Epson Daisy 18XL Claria 4 Colours Home Ink Easy Mail Pack Multipack Cartridges","S-C13T18164010","8715946518183","7","7"
"HP 22 (C9352AE) Tri-Colour Ink Cartridge","S-C9352AE","829160808024","30","30"
"HP 300 Tri Colour Ink Cartridge","S-CC643EE","883585763580","30","30"
"Epson Durabrite Inkjet Cartridge Yellow Ref T071440","S-C13T07144011","8715946495545","20","20"
"HP CN627AE Officejet Ink Cartridge - Magenta","S-CN627AE","886112877408","30","30"
"Canon CLI-36 Chromolife Colour Ink Tank","S-1511B001","5051395473172","30","30"
"Canon BCI-6PC Photo Cyan Ink Tank","S-4709A002","5051749506396","30","30"
"Epson Turtle T1579 Ink Cartridge (Light Light Black) for Sty","S-C13T15794010","8715946488035","30","30"
"Brother LC1100BK Black Ink Cartridge (450 Pages)","S-LC1100BK","5052217133571","30","30"
"Brother LC1100HYBK High Black Ink Cartridge (900 Pages)","S-LC1100HYBK","4977766659833","30","30"
"Lexmark No 36XL Black Return Programme Print Cartridge","S-18C2170E","734646074612","30","30"
"100XL TWIN PK BLACK HIGH YLD RETURN","S-14N0848","734646329415","30","30"
"BLACK PRINTHEAD HP2200 NO.11","S-C4810A","778888532929","30","30"
"Brother LC1000BK Black Ink Cartridge (500 Pages)","S-LC1000BK","4977766643894","30","30"
"Brother LC1000C Cyan Ink Cartridge (400 Pages)","S-LC1000C","GHI100001jpg902.","30","30"
"Brother LC1000HYBK High Black Ink Cartridge (900 Pages)","S-LC1000HYBK","4977766643993","30","30"
"Brother LC1000M Magenta Ink Cartridge (400 Pages)","S-LC1000M","4977766643931","30","30"
"Brother LC1000Y Yellow Ink Cartridge (400 Pages)","S-LC1000Y","5052217133441","30","30"
"Brother LC1100C Cyan Ink Cartridge (325 Pages)","S-LC1100C","4977766659727","30","30"
"Brother LC1100HYC High Cyan Ink Cartridge (750 Pages)","S-LC1100HYC","2000007848450","30","30"
"Brother LC1100HYM High Magenta Ink Cartridge (750 Pages)","S-LC1100HYM","4977766659895","30","30"
"Brother LC1100HYY High Yellow Ink Cartridge (750 Pages)","S-LC1100HYY","5052217133564","30","30"
"Brother LC1100M Magenta Ink Cartridge (325 Pages)","S-LC1100M","4977766659772","30","30"
"Brother LC1100Y Yellow Ink Cartridge (325 Pages)","S-LC1100Y","4977766659796","30","30"
"Brother LC1220BK Ink Cartridge Black","S-LC1220BK","4977766696357","30","30"
"Brother LC1220C Ink Cartridge Cyan","S-LC1220C","4977766696401","30","30"
"Brother LC1220M Ink Cartridge Magenta","S-LC1220M","4977766696371","30","30"
"Brother LC1220Y Ink Cartridge Yellow","S-LC1220Y","5060286935767","30","30"
"Brother LC-1240BK Standard Black Ink Cartridge (600 Pages)","S-LC1240BK","4977766694001","30","30"
"Brother LC-1240C Standard Cyan Ink Cartridge (600 Pages)","S-LC1240C","4977766694018","30","30"
"Brother LC-1240M Standard Magenta Ink Cartridge (600 Pages)","S-LC1240M","4977766694100","30","30"
"Brother LC-1240Y Standard Yellow Ink Cartridge (600 Pages)","S-LC1240Y","4977766694117","30","30"
"Brother LC1280XLBK Black Ink Cartridge Super (2400 Pages)","S-LC1280XLBK","4977766694049","30","30"
"Brother LC1280XLC Cyan Ink Cartridge Super (1200 Pages)","S-LC1280XLC","696720812636","30","30"
"Brother LC1280XLM Magenta Ink Cartridge Super (1200 Pages)","S-LC1280XLM","4977766694063","30","30"
"Brother LC1280XLY Yellow Ink Cartridge Super (1200 Pages)","S-LC1280XLY","4977766694070","30","30"
"Brother LC800BK Black Ink Cartridge (500 Pages)","S-LC800BK","4977766628662","30","30"
"Brother LC900BK Black Ink Cartridge (500 Pages)","S-LC900BK","4977766628969","30","30"
"Brother LC900C Cyan Ink Cartridge (400 Pages)","S-LC900C","6927257336888","30","30"
"Brother LC900HYBK Black Ink Cartridge (900 Pages)","S-LC900HYBK","4977766629058","30","30"
"Brother LC900M Magenta Ink Cartridge (400 Pages)","S-LC900M","5052217133298","30","30"
"Brother LC900Y Yellow Ink Cartridge (400 Pages)","S-LC900Y","4977766629034","30","30"
"Brother LC970BK Black Ink Cartridge (350 Pages)","S-LC970BK","4977766649599","30","30"
"Brother LC970C Cyan Ink Cartridge (300 Pages)","S-LC970C","4977766649582","30","30"
"Brother LC970M Magenta Ink Cartridge (300 Pages)","S-LC970M","4977766648479","30","30"
"Brother LC970Y Yellow Ink Cartridge (300 Pages)","S-LC970Y","4977766649575","30","30"
"Brother LC980BK Black Inkjet Cartridge (300 Pages)","S-LC980BK","5052217133625","30","30"
"Brother LC980C Cyan Inkjet Cartridge (260 Pages)","S-LC980C","5055344688280","30","30"
"Brother LC980M Magenta Inkjet Cartridge (260 Pages)","S-LC980M","5055344688303","30","30"
"Brother LC980Y Yellow Inkjet Cartridge (260 Pages)","S-LC980Y","5055344688297","30","30"
"Brother LC985BK Black Inkjet Cartridge (300 Pages)","S-LC985BK","5014047561931","30","30"
"Brother LC985C Cyan Inkjet Cartridge (260 Pages)","S-LC985C","4977766675420","30","30"
"Brother LC985M Magenta Inkjet Cartridge (260 Pages)","S-LC985M","4977766675499","30","30"
"Brother LC985Y Yellow Inkjet Cartridge (260 Pages)","S-LC985Y","4977766675444","30","30"
"Brother PC201 Single Ribbon Cartridge (420 Pages)","S-PC201","5051964142454","30","30"
"Brother PC72RF 2 x 144 Sheet Ribbon Refill","S-PC72RF","4977766058100","30","30"
"Brother PC-75 Ribbon Cassette","S-PC75","5053106239893","30","30"
"BROTHER RIBBON REFILL T74/T78/T86 144SHEET","S-PC71RF","5051964086604","30","30"
"BROTHER RIBBON WITH CART T74/T86 144SHEET","S-PC70","5051395218025","30","30"
"Canon BC1-3eY Yellow Ink Tank","S-4482A002","4960999865270","30","30"
"Canon BCI-15 Black (Twin Pack) Ink Tank for PIXMA iP90/Bubbl","S-8190A002","807027511027","30","30"
"Canon BCI-16 Colour (Twin Pack) Ink Tank for PIXMA iP90/mini","S-9818A002","8714574959399","30","30"
"Canon BCI-24C Colour Ink Tank","S-6882A002","807027511102","30","30"
"Canon BCI-3E Black Twinpack Blister Pack","S-4479A298","5051395475657","30","30"
"Canon BCI-3e Cyan Ink Tank - Bubble Jet S400/S450/S4500/BJC-","S-4483A002","750845725834","30","30"
"Canon BCI-3E Multipack (Cyan/Magenta/Yellow)","S-44801265AA","8714574971322","30","30"
"Canon BCI-3eBK Black Bubble Jet Ink Tank","S-4479A002","4960999865300","30","30"
"Canon BCI-3eC Cyan Ink Tank","S-4480A002","4053162251755","30","30"
"Canon BCI-3eM Magenta Ink Tank","S-4481A002","496100000000","30","30"
"Canon BCI-6 CMY Ink Tank Blister Multipack","S-4706A029","5051964081210","30","30"
"Canon BCI-6 Green Ink Tank for PIXMA iP8500/Bubble Jet i9950","S-9473A002","4960999213224","30","30"
"Canon BCI-6 Red Ink Tank for PIXMA iP8500/Bubble Jet i990/i9","S-8891A002","8714574959382","30","30"
"Canon BCI-6BK (270 Pages) Black Ink Cartridge (Twin Pack)","S-4705A046","8714574572147","30","30"
"Canon BCI-6BK Ink Tank (Black)","S-4705A002","5052461496095","30","30"
"Canon BCI-6C Cyan Ink Tank","S-4706A002","5051964240976","30","30"
"Canon BCI-6M Magenta Ink Tank","S-4707A002","5026173108324","30","30"
"Canon BCI-6PC/6PM Photo Cyan/Magenta Multi Pack (270 Pages)","S-4709A018","8714574572437","30","30"
"Canon BCI-6PM Photo Magenta Ink Tank","S-4710A002","750845726299","30","30"
"Canon BCI-6Y Yellow Ink Tank","S-4708A002","5051964241010","30","30"
"Canon BJ CRG PGI-9 Cyan Ink Cartridge","S-1035B001","4960999357188","30","30"
"Canon BJ CRG PGI-9 Green Colour Ink Cartridge","S-1041B001","5051749495829","30","30"
"Canon BJ CRG PGI-9 Grey Ink Cartridge","S-1042B001","5051395473745","30","30"
"Canon BJ CRG PGI-9 Magenta Ink Cartridge","S-1036B001","5051749495744","30","30"
"Canon BJ CRG PGI-9 Matte Black Ink Cartridge","S-1033B001","5051749495706","30","30"
"Canon BJ CRG PGI-9 Photo Black Ink Cartridge","S-1034B001","5051749495720","30","30"
"Canon BJ CRG PGI-9 Photo Cyan Ink Cartridge","S-1038B001","4960999357256","30","30"
"Canon BJ CRG PGI-9 Photo Magenta Ink Cartridge","S-1039B001","4960999357270","30","30"
"Canon BJ CRG PGI-9 Red Colour Ink Cartridge","S-1040B001","4960999357294","30","30"
"Canon BJ CRG PGI-9 Yellow Ink Cartridge","S-1037B001","5055344688143","30","30"
"Canon CL-38 Colour Ink Cartridge","S-2146B001","4049982140386","30","30"
"Canon CL-51 FINE High Cartridge (Colour) for PIXMA iP6220D/i","S-0618B001","940356707898","30","30"
"Canon CL-52 Photo Ink Cartridge (Colour) for PIXMA iP6220D/i","S-0619B001","2001132990007","30","30"
"Canon CLI-36 ink coloured, 2-pack (1511B018)","S-1511B018","8714574572178","30","30"
"Canon CLI-521 Ink Cartridge (Cyan)","S-2934B001","5052711736001","30","30"
"Canon CLI-521 Ink Cartridge (Magenta)","S-2935B001","5704327565895","30","30"
"Canon CLI-521 Ink Cartridge (Yellow)","S-2936B001","5051395774545","30","30"
"Canon CLI-526C Ink Cartridge (Cyan)","S-4541B001","5052711771699","30","30"
"Canon CLI-526M Ink Cartridge (Magenta)","S-4542B001","5052711771712","30","30"
"Canon CLI-526Y Ink Cartridge (Yellow)","S-4543B001","4960999670058","22","22"
"Canon CLI-8G Photo Ink Cartridge (Green) for PIXMA Pro9000","S-0627B001","4960999272993","30","30"
"Canon CLI-8M Ink Tank (Magenta)","S-0622B001","807027503619","30","30"
"Canon CLI-8PC Photo Ink Cartridge (Cyan) for PIXMA iP6600D","S-0624B001","496099927289","30","30"
"Canon CLI-8PM Photo Ink Cartridge (Magenta) for PIXMA iP6600","S-0625B001","5052178155117","30","30"
"Canon CLI-8R Photo Ink Cartridge (Red) for PIXMA Pro9000","S-0626B001","4960999272962","30","30"
"Canon NPG-11 Black Toner Cartridge (5,000 Pages)","S-1382A002","5018206029034","30","30"
"Canon PG-37 Black Ink Cartridge","S-2145B001","4053162248588","30","30"
"Canon CLI-8C Ink Tank (Cyan)","S-0621B001","4960999272672","30","30"
"Canon PG-50 FINE High Ink Cartridge (Black) for PIXMA iP2200","S-0616B001","496099927340","30","30"
"Canon PG-540 Ink Cartridge (Black)","S-5225B005","8714574572536","30","30"
"Canon PGI-29C Ink Cartiridge (Cyan)","S-4873B001","4960999681986","30","30"
"Canon PGI-29C Ink Cartridge (Magenta)","S-4874B001","4960999682006","30","30"
"Canon PGI-29CO Ink Cartridge (Chroma Optimise)","S-4879B001","4960999682105","30","30"
"Canon PGI-29DGY Ink Cartridge (Dark Grey)","S-4870B001","4250490895020","30","30"
"Canon PGI-29GY Ink Cartridge (Grey)","S-4871B001","4960999681948","30","30"
"Canon PGI-29LGY Ink Cartridge (Light Grey)","S-4872B001","843964026804","30","30"
"Canon PGI-29MBK Ink Cartridge (Matte Black)","S-4868B001","4960999681887","30","30"
"Canon PGI-29PBK Ink Cartridge (Photo Black)","S-4869B001","496099968190","30","30"
"Canon PGI-29PC Ink Cartridge (Photo Cyan)","S-4876B001","4053162253889","30","30"
"Canon PGI-29PM Ink Cartridge (Photo Magenta)","S-4877B001","496099968206","30","30"
"Canon PGI-29R Ink Cartridge (Red)","S-4878B001","4960999682082","30","30"
"Canon PGI-29Y Ink Cartridge (Yellow)","S-4875B001","4960999682020","30","30"
"Canon PGI-35 2 x Pigmented Black Ink Tank (191 Pages)","S-1509B012","8714574572444","30","30"
"Canon PGI-5BK Ink Cartridge (Black) for PIXMA iP5200/iP5200R","S-0628B001","4960999273020","30","30"
"Canon PGI-7 Ink Cartrdige (Black)","S-2444B001","4960999534657","30","30"
"Canon PGI-9 Ink Cartridge (Clear)","S-2442B001","4960999534619","30","30"
"Dell 725 Stand Capacity Ink Cartridge (Colour) Series 6","S-592-10177","5018206267900","30","30"
"Dell 922 Standard Capacity Ink Cartridge (Black) Series 5","S-592-10094","5391519087886","30","30"
"Dell 928 Series 10 High Capacity Ink Cartridge (Black)","S-592-10256","5391519088005","30","30"
"Dell 928 Series 10 High Capacity Ink Cartridge (Colour)","S-592-10257","5055344655749","30","30"
"Epson Black Fabric Ribbon","S-C13S015066","5051964081395","-128","-128"
"Epson Black Fabric Ribbon","B-C13S015066-5","5051964081395","0","0"
